"","City","Apr2011","Apr2012","Apr2013","Apr2014","Apr2015","Apr2016","Aug2011","Aug2012","Aug2013","Aug2014","Aug2015","Dec2010","Dec2011","Dec2012","Dec2013","Dec2014","Dec2015","Feb2011","Feb2012","Feb2013","Feb2014","Feb2015","Feb2016","Jan2011","Jan2012","Jan2013","Jan2014","Jan2015","Jan2016","Jul2011","Jul2012","Jul2013","Jul2014","Jul2015","Jun2011","Jun2012","Jun2013","Jun2014","Jun2015","Mar2011","Mar2012","Mar2013","Mar2014","Mar2015","Mar2016","May2011","May2012","May2013","May2014","May2015","Nov2011","Nov2012","Nov2013","Nov2014","Nov2015","Oct2011","Oct2012","Oct2013","Oct2014","Oct2015","Sep2011","Sep2012","Sep2013","Sep2014","Sep2015","long","lat"
"1","Anqing",99.8001,98.608174245561,100.893861502391,104.684704717326,98.0698249393485,98.7503054123136,99.7001002998,98.7062896747599,102.516142358411,102.191999273249,98.1662290483112,100,99.2022973999028,99.2005123632803,104.581168523838,98.7597614227257,97.7741527369255,100,98.7068811266877,99.596124006585,104.894493704735,98.1679929322807,97.3825672552141,100,98.9046905077031,99.0021113385537,104.999493197933,98.5622418998802,97.8719268896624,99.7001002998,98.7062896747599,101.904714073967,103.328614027552,98.4616138899811,99.6004998,98.4110565052442,102.006720794762,104.161909301967,97.9717551144091,99.9,98.608174245561,100.592085246651,104.894493704735,98.1679929322807,98.2590103605111,99.6004998,98.5095660713155,101.499224671405,104.475335307891,98.0698249393485,99.5007997993007,99.101410952328,104.372423676485,99.2560416308801,97.8720247616872,99.6004001995002,98.8049959644347,103.85315788705,100.157458759718,97.9699947564436,99.6004001995002,98.7062896747599,103.131239212562,100.863503282696,98.0680628192629,117.115101,30.53192
"2","Baotou",100.599897,99.7966102290729,104.783153029132,109.261901726567,100.722840734489,99.1201273372069,100.800794189107,100.296392052287,106.571275747345,105.589204118304,100.019391206125,100,100.197097627904,100.89937496457,108.934988154139,102.973975195076,99.5200940051469,100.5,100.096700136081,103.331857096216,108.934879219151,100.924690114719,98.6264035609807,100,99.9967034326483,101.504771214357,108.826053165985,101.84126146793,99.0224935351212,100.599594999109,100.296392052287,106.677953701046,107.197161541426,100.019391206125,100.801197393897,100.096199652981,106.041703480165,108.38944544128,100.320352262914,100.299,99.9966034359448,104.261843810081,109.152748977589,100.924690114719,98.8236563681026,100.700496897,99.896406839302,105.935767712452,108.934116021387,100.52139505302,100.498593408128,100.798576388182,108.285276495168,103.49143235686,99.5200940051469,100.699993394918,100.497085132783,107.746543776286,104.220979211339,99.6197137188657,100.800794189107,100.396688444339,106.997560850334,104.850079689476,99.8193524237132,109.840349,40.657378
"3","Beihai",102.5230921344,100.591577543545,103.742197718039,112.346278142427,104.613353151815,105.869613762611,102.011194027804,100.792458923899,107.633996022998,109.668465281705,104.821220930661,100,101.400451785433,100.790948047359,110.788141089319,106.411952642521,104.923417748973,101.2032,100.894057929217,101.798857527833,111.898349051175,105.243975050317,105.132425197129,100.4,101.197650881862,100.790948047359,111.563658076945,105.560657021381,104.713570913475,102.113307335139,100.792458923899,106.673930647174,111.225624017957,104.299722319066,102.113307335139,100.490985966001,105.722428788081,111.784546751715,104.299722319066,101.9116224,100.692269813358,102.715047245583,112.234044098329,105.033487100216,105.552954897917,102.215522857997,100.490985966001,104.572135299783,112.346278142427,104.404126445512,101.60365910364,101.094230739578,110.23695630778,106.518471113635,104.609588982027,101.705364468108,100.691464880057,109.362059829147,107.594415266298,104.714303285312,101.909182833776,100.590874006051,108.817969979251,108.462112163606,105.240505814384,109.120161,21.481291
"4","Beijing",101.3044032,100.294899960214,110.645171567737,120.412804491818,116.712232212126,136.904418061913,101.4057076032,100.998469586089,116.05182350934,118.490442025551,122.174139110273,100,101.00038898991,102.724752809687,119.097719843244,115.901736348746,125.505477210799,101.2032,100.798489212319,106.873189227154,119.813258944062,115.554262943173,129.422503154548,100.8,100.89938860092,104.368348854642,119.574110722617,115.785834612398,126.760531982907,101.4057076032,100.897572014075,115.016673448306,119.566540893594,120.844845806402,101.4057076032,100.595784660095,113.540645062493,120.774283730903,119.530015634424,101.2032,100.39529525547,109.117526200924,120.292511979839,115.900925732002,133.305178249185,101.4057076032,100.294899960214,112.083558798118,120.653630100802,117.99606676646,101.10149048039,101.909476993738,118.505193873875,116.134004357461,125.005455389242,101.4057076032,101.301666991787,117.9156157949,116.366737833128,124.013348600439,101.4057076032,101.099468055675,117.212341744434,117.661008931373,123.273706362265,116.407395,39.904211
"5","Bengbu",101.911021212,101.098175444182,102.82789559949,106.80054412484,97.6629013282378,96.8724387715428,101.911021212,101.098175444182,104.377935637104,104.259568549683,96.3023453969239,100,101.503682860216,101.300068500544,105.950711139031,99.9425583183101,95.7244402155899,101.101,101.300675494495,102.112089849644,106.587263011554,98.7467456080315,95.2463923611532,100.1,101.503682860216,101.705268774546,106.374513983587,99.4428455267186,95.4372668949431,101.911021212,101.098175444182,103.858642424979,105.206426387167,96.5921217622106,101.911021212,101.098175444182,103.858642424979,105.841475238599,97.1751727990046,101.707606,101.199374819001,102.622650298892,106.693850274566,97.9567716431673,96.1036098924036,101.911021212,101.098175444182,103.444862973087,106.373341948341,97.4675755255813,101.809110190788,100.997077268738,105.950711139031,100.343934054528,96.0124776485355,101.911021212,100.997077268738,105.739232673683,101.051293106272,96.2048874233822,101.911021212,100.997077268738,105.108581186564,102.278636747239,95.9171360153362,117.389719,32.916287
"6","Changchun",101.201880744,101.29933628424,104.784708002563,112.132253854663,105.367124302243,105.468173639884,102.523894585343,101.501427852331,108.500336305614,109.793810156341,105.26101971407,100,101.909673932882,102.008016911177,110.686453224157,106.534643960827,104.63082072633,99.9984,101.604148730431,102.923844887006,111.462586634165,106.002609948886,104.629879048944,100.4,101.807764258949,101.804000877355,111.129199037054,106.321574672905,104.316928264151,102.217242856772,101.197834349283,107.53254341488,110.679244109214,105.050917878313,101.911508331777,101.096737611671,106.785048078332,111.459460331535,104.945971906407,100.6983888,101.29933628424,103.747235646102,111.908436980702,105.896607338938,105.257658323238,101.606688266976,101.29933628424,105.832555082589,112.132253854663,105.051022929336,102.216322901587,101.50051433948,110.245471338802,107.069993930479,104.735556282613,102.523894585343,101.805932135888,109.587943676742,107.716291680563,104.945447176967,102.523894585343,101.501427852331,109.151338323448,108.366490624308,105.155758694356,125.323544,43.817072
"7","Changde",102.8222620425,102.409129607569,105.935002127611,111.682833594085,104.315266077532,103.170105554918,103.647207931124,102.306413353187,108.065686568987,108.477391305616,103.379449759133,100,102.82041125258,103.330398244439,109.805030620541,106.53702499318,102.964588442008,102.2085,102.409129607569,104.157041430394,111.126534164059,104.944935691682,103.170208725127,101.7,102.409129607569,103.330398244439,110.573665834885,105.684728793235,102.861623853566,103.543664266857,102.204209144043,106.889897694349,109.573122530926,103.482932691825,103.336990286285,102.40902719844,106.464041528236,110.67992174841,103.690313318462,102.3107085,102.409129607569,105.198611844698,111.459913766551,104.944935691682,103.067038516402,103.130728828627,102.306720477962,105.829067125484,111.236102259708,104.0023202793,103.129800654543,102.40871976654,109.367560379025,106.750526045271,103.586105072443,103.336473601747,102.306413353187,108.823443163209,107.071741269078,103.379346379683,103.439913515262,102.306413353187,108.497949315263,107.718049566477,103.482829208892,111.698497,29.031673
"8","Changsha",103.745929905,103.947704847504,110.558180084603,119.728389978379,109.479270711794,113.133233895345,105.100759110669,104.155496101598,114.933151770042,114.657415672551,109.260202910058,100,104.574314137817,105.200074906227,118.067050316876,110.249695584538,110.026116932457,102.7162,103.947704847504,107.526784962928,119.132015110734,109.479270711794,110.797620064388,101.8,104.156016881266,106.146875580383,118.657385568461,109.918946497785,110.466221400187,104.786399910936,103.947600899799,113.795199772318,116.521763894869,109.36957248254,104.681718192743,103.843757142656,112.668514626058,118.176231130699,109.26031217037,103.229781,103.947704847504,109.247213522335,119.489411156067,109.479270711794,111.35160816471,104.264659554525,103.843757142656,111.774320065534,119.249476418465,109.26031217037,105.099813203837,105.094979926301,117.479652056593,111.026883770935,109.478723315878,105.416061388001,104.468170900895,116.778978187468,112.03520057612,109.478723315878,105.416061388001,104.2596515977,115.622750680662,113.510841515826,109.478723315878,112.938814,28.228209
"9","Chengdu",101.805093,100.992587154143,106.563369019696,113.469305373691,105.024278422818,108.216594328938,101.702575373765,100.991678220859,109.794844379289,109.878614635527,106.183857890516,100,101.397671052794,101.903028740991,111.783922067676,106.508271583159,107.142170076003,101.907,101.296273381742,103.745435500628,113.016898728083,105.763991781336,107.356454416155,101.4,101.296273381742,102.922059028401,112.454625600082,106.18874676841,107.356454416155,101.600974399366,100.991678220859,108.923456725485,111.213172708024,105.866259113176,101.906694482814,100.689609392681,108.597663734282,112.450124072825,105.339561306643,101.907,101.093680834978,104.679144420133,113.355949424267,105.129407830648,107.571167324988,102.008703186,100.689609392681,107.629002709893,113.12889745757,105.12930270124,101.499170223017,101.497040578676,111.560800466743,106.721715013186,106.928313449105,101.702575373765,101.09266989908,110.895427899347,107.365910476042,106.396331790155,101.702575373765,101.09266989908,110.453613445564,108.669949874536,106.290041748406,104.066801,30.572816
"10","Chongqing",101.2041017928,99.6942230951766,104.992829164297,111.57516276761,103.162155096645,106.295333607994,100.798882188487,99.9935051529083,107.856001977803,108.26049497292,103.575009628383,100,99.7944162899541,100.996140225064,110.466624663133,104.724665947947,103.989205677587,100.2996,99.4952326299168,102.822251436473,111.130308144109,103.679932680451,105.2404038003,99.9,99.5948274573742,101.905105487089,110.908491161786,104.305767284156,104.821119323008,101.203696976393,99.7939173182718,106.893956370469,109.68641841228,103.471538090293,101.406509996386,99.6942230951766,106.362145642258,110.682561465469,103.162051934489,100.9013976,99.6942230951766,103.850473950838,111.463699068541,103.368892882409,105.871846223102,101.406509996386,99.6942230951766,105.727778968447,111.57516276761,103.058992941548,100.094700391127,100.593765164406,110.246132398336,105.039785303859,103.574906053374,100.194895286414,100.093298671051,109.371163093588,105.567623420964,103.678584638012,100.395686659733,99.8935116477554,108.718849993626,106.311806063408,103.678584638012,106.551556,29.56301
"11","Dali",100,100.801701,101.505792331402,106.267942523259,100.965328812084,100.054958182023,100.5,100.600097799503,104.169500965289,105.30929824481,100.360646852036,100,100.701,100.499095703712,105.949880980556,102.597368733401,100.059464851915,100,100.701,100.398596608009,106.161780742517,101.676044362175,100.559161819386,100,100.701,100.398596608009,106.161780742517,102.186979258468,100.659821641027,100.5,100.700798598101,103.138119767613,106.480584676248,100.662634756305,100,100.600198399701,102.829630874988,106.374210465783,100.763398154459,100,100.801701,101.101386784265,106.161780742517,101.472692273451,99.8552476866499,100,100.700899299,102.216332877722,106.374210465783,100.763398154459,100.701,100.2984987063,105.844036943612,103.216668745876,100.159624476391,100.701,100.398897603904,104.899937506058,103.839706987803,100.159624476391,100.701,100.600097799503,104.482009468185,104.782751753586,100.461007498888,100.267638,25.606486
"12","Dalian",101.6084144,101.606790499494,107.433507504743,114.963617578349,105.223341166571,105.320355758011,102.116454438206,102.524100263594,111.240655461561,111.653585101033,105.8555230003,100,102.014337983768,103.243616450546,113.707933024024,106.496939996603,104.589697153998,100.4,101.912323645784,104.901192712659,114.391203993565,105.434526523197,104.275928062536,100,101.912323645784,103.759834532798,114.049056823096,105.857958356624,104.589697153998,102.321096631469,102.319461340912,110.797465599165,113.46909054983,105.8555230003,102.218877753715,102.115230879153,110.02727467643,114.963617578349,105.644234531237,101.0024,101.708498998492,105.950204639786,114.848768809539,105.118222943628,104.484479918661,102.0148480576,101.708397289993,108.830143102304,114.963617578349,105.223341166571,102.116454438206,103.03754136781,112.917510450868,107.572666663236,104.694391545544,102.116454438206,102.831877612585,112.467639891302,109.100067609772,104.79919073628,102.116454438206,102.626624363857,111.908099394331,110.537049250023,105.537956431299,121.614682,38.914003
"13","Dandong",101.709621216,101.20097576578,104.370773712238,111.132298814189,100.701163059624,97.617369379877,102.014648064898,100.896058743812,107.964722556798,109.033872076228,99.5975728739036,100,101.302278043824,101.198342125056,110.578961689893,103.785251686364,98.3066860427505,100.701,101.20097576578,102.517563712998,111.021277536653,101.409814845766,97.4233021619703,100.5,101.302278043824,101.603135493556,111.021277536653,102.124687659382,98.110072670665,102.116764829728,101.403074114384,107.107859679363,109.913177496198,100.098063189853,102.116764829728,101.099774790014,106.047385821152,110.465505021304,100.198261451304,101.506608,101.20097576578,103.645256913841,111.132298814189,101.105585401229,97.2284555576464,102.014750079648,101.099774790014,105.205739901936,111.132298814189,100.499760733505,101.505288621066,100.895655159577,109.919445019774,104.411722018474,99.1994813751266,101.606895516583,100.895655159577,109.481518943999,105.78695239967,99.1994813751266,101.708604120703,100.694266626325,108.720475614696,107.180296250932,99.4979753010297,124.354451,40.000787
"14","Fuzhou",103.0297171575,102.207846834923,110.113613045494,119.940124830752,110.44518522408,122.687795471902,102.926584513655,103.02560752472,114.456042354868,115.790361100644,111.219848636803,100,102.823555105483,104.262839778921,118.159683378279,111.894559367881,114.024113847883,102.2105,102.412672179282,106.988687462101,119.581380688686,110.555740965045,116.892276407613,100.7,102.617907995273,105.096942497152,119.104960845305,111.335086571042,115.27837910021,102.823760752902,102.717455159242,113.886609308326,117.196721761786,111.108739896906,102.823760752902,102.003431141254,113.20736511762,118.98144341298,110.886965964976,102.5171315,102.207846834923,108.379540399108,119.940124830752,110.555740965045,119.230121935765,102.926687440343,102.003431141254,110.554067497676,119.820184705922,110.44518522408,102.926481587071,103.12842708103,117.571824256994,112.118796961805,112.895162225627,103.029511098169,102.922581917195,116.06300518953,112.569073254824,111.888168707261,103.029511098169,103.02560752472,115.600602778416,113.706134600833,111.553508182713,119.296494,26.074508
"15","Ganzhou",99.990708818,99.2922732153541,103.52415595304,109.244566387227,102.435595230945,104.380049247536,99.4913552181629,99.0937879611966,105.606766069791,105.68060596844,102.739622859836,100,99.4912557268077,99.2910834956325,108.485500182892,102.538851751505,101.814775546344,101.101,99.2922732153541,101.386919686058,109.463822423542,102.846673384463,102.222340092856,101,99.4912557268077,100.184703247093,109.13641318399,102.743929455008,102.120219872983,99.790727400364,99.1929809421387,104.872657467519,106.964176081417,102.02544474661,99.790727400364,99.1929809421387,103.834314324276,108.153868636417,101.821801144321,100.191091,99.2922732153541,103.009110401035,109.573286245965,102.538133364309,103.142341153692,99.790727400364,99.2922732153541,103.938252576853,109.026077254453,102.025852850021,99.4912557268077,98.8955014896738,108.268962258376,102.538851751505,101.409138990382,99.590846573381,98.7967047848889,107.409684780135,103.157798542761,101.612363717818,99.590846573381,98.8956003852742,106.451620198349,103.989716272945,102.020445499817,114.93503,25.831829
"16","Guangzhou",103.3354505142,101.997566888957,115.890020487151,128.774454615317,120.865927904697,141.930285495759,103.852747779474,102.610469859179,122.032576965233,124.695393188079,127.022181327167,100,102.920770728435,105.302236478178,126.609530010025,120.746388014592,131.524150343706,102.3102,102.406784399417,110.737937925181,128.133275703695,120.504895238563,134.697565043199,101.7,102.61200841625,107.408281207742,127.495796720095,120.746388014592,132.576343546456,103.852747779474,102.303559181634,119.992701047426,126.337784385086,125.889178718699,103.852747779474,102.099360460712,118.804654502402,128.001807887625,124.396421658794,102.6171306,102.201970830618,113.506386373311,128.64580880651,120.384390343324,138.603794429452,103.645456865743,101.895569322068,117.628370794458,128.774454615317,122.558050895363,103.334107157063,104.053593357883,125.729424041732,120.98836474408,130.609881175478,103.645042283915,103.43299538557,124.731571469973,121.474261791245,129.830895800674,103.852747779474,103.020911738615,123.619000465781,122.949657683446,128.800491865748,113.264385,23.12911
"17","Guilin",103.431384,103.326609358816,104.569102734445,116.620909924256,105.354929407967,104.512003307699,103.741677738274,103.636795840111,112.405034157096,112.698584922126,105.039075329602,100,103.637314026266,103.326196259341,115.577932351161,107.273875357781,104.200757208927,102.6105,103.53367671224,103.222870063082,116.388133656942,105.990021617499,103.888154937301,102.1,103.637314026266,103.222870063082,116.155822012916,106.84477985635,103.888154937301,103.741677738274,103.429935968174,111.292113026828,114.182963446936,105.039075329602,103.534608521232,103.429935968174,109.216990212785,115.686893056673,105.144219549151,103.431384,103.326609358816,103.945430153523,116.620909924256,105.566061531029,103.992043092238,103.638246768,103.326609358816,107.497037611009,116.73753083418,105.144219549151,103.845004034335,103.429625885226,115.117462501156,108.138987255828,104.514300109255,104.053110254845,103.533159044271,113.640140672415,109.563310289592,104.618919028283,103.949161093751,103.533159044271,112.292629122939,110.670010393528,104.618919028283,110.179954,25.234479
"18","Guiyang",101.913037236,103.039291376861,107.016826909571,111.927039976347,107.304131959984,109.028499129152,102.321199153956,103.348718471905,108.30412782576,110.470661025241,107.733239465539,100,103.039291376861,103.970051794148,110.925489404424,108.059682237706,107.195112472428,100.8012,103.039291376861,105.116633525334,111.480782404383,107.304561178229,107.839247903275,100.2,103.039291376861,104.385932001325,111.147340383233,107.735503190993,107.516697809845,102.218980173782,103.245472998906,108.30412782576,111.925695061035,107.4110064462,102.014950273236,103.142330668238,107.65817875324,112.375195844413,107.19661321976,101.4060072,103.039291376861,105.852449960011,111.592263186787,107.519170300586,108.270604894888,102.014950273236,103.142330668238,107.765944697938,112.1508940563,107.089523696064,102.936355021839,103.762526740667,110.593708279585,108.493656865167,107.409932337102,102.730893235369,103.762526740667,110.153095896001,108.929374362617,107.517449786889,102.525841552264,103.555415908849,109.170560848366,109.80783705909,107.840972705004,106.630154,26.647661
"19","Haikou",100.600299,99.1009178128462,99.3959368018118,101.803397768304,95.3753206824825,96.620255750625,100.198300205196,99.001519691579,99.8935128614417,99.6813593356696,95.4697430129607,100,99.4986137720932,99.1982367012214,101.499913028349,96.8204747064073,95.6602998562566,100.701,99.200117930777,99.0984432751,102.007412593491,95.758354098878,95.9474720764251,100.5,99.200117930777,98.9006419911177,102.007412593491,96.3363723328752,95.7559601561129,100.399098402,98.9026170745045,99.8935128614417,100.182270689115,95.0893854710764,100.600299,98.8038132612433,99.6941246122172,100.990192226931,95.0893854710764,100.600299,99.200117930777,99.2966401616502,101.803397768304,95.758354098878,96.2353144926544,100.600299,98.9027159772205,99.6941246122172,101.599790972767,95.1845700411175,99.6980097916766,99.3970307627469,101.196324056181,97.5029956761402,95.4693611339887,99.9980038030858,98.9025181718875,100.592767451472,97.7963848306321,95.6606824989866,100.098101904991,98.9025181718875,99.8935128614417,98.6845457423129,95.6606824989866,110.198293,20.044002
"20","Hangzhou",102.4126975872,92.7009516765305,97.618861069453,103.00354908547,92.7497318573238,106.146395348626,102.310284889613,93.2546344074538,101.180371212361,95.4901367144047,95.7517417562896,100,100.783289061238,93.4400229445902,103.833490172418,93.3102375096984,98.5579769631509,102.4128,100.38045825486,95.1295119994514,103.729656682246,92.7512158767778,100.737783739645,101.6,100.682505772177,94.2809831510915,103.729656682246,93.0303067971693,99.4449987558193,102.310284889613,92.975707285597,100.079496748132,97.4389150146987,95.180657809433,102.4126975872,92.6976144422702,99.3838100775887,99.8349539085028,94.4252557633263,102.3103872,95.9637180916465,96.2710661434448,103.729656682246,92.3802110132707,103.054752765657,102.4126975872,92.1447459664713,98.3998119580086,101.561499398273,93.2134805166104,101.493745278185,93.1605413206283,103.729760412006,93.5910105413224,97.4856349783887,101.799142706304,93.2537951157441,103.213691952245,93.9668780535365,96.9042097200683,102.207974604723,93.5343983106761,102.39453566691,94.3442550738319,96.3262522068273,120.15507,30.274085
"21","Harbin",100.196890794,100.29538204045,104.465957700295,110.788305762087,104.8366545284,105.886159564474,100.597978947848,100.295281745068,107.739979686204,109.241818006099,104.940546709508,100,100.095291752428,100.489324810312,110.677849268517,106.105572993368,105.571134033664,99.5988,99.9951964606753,102.509059749674,110.567171419248,105.047063797186,105.46556289963,100.2,100.095291752428,101.594707383225,110.567171419248,105.468939555408,105.46556289963,100.597978947848,100.295281745068,106.991042389478,110.122800409374,105.256315656478,100.497481466382,100.19508665841,106.564783256452,110.899094067849,104.941491182929,100.096794,100.095191657136,103.534150347171,110.788305762087,104.731922605795,106.098356277028,100.196890794,100.19508665841,105.197219404198,110.788305762087,104.8366545284,100.396481196016,100.088968934573,110.127213202504,106.531699792538,105.36041320725,100.698576926796,99.492016833572,109.144909021312,106.959537944315,105.465879086336,100.698576926796,100.395577026813,108.278679584635,108.258641644044,105.150427802927,126.534967,45.803775
"22","Hefei",101.204706,99.7958122473918,104.26878726138,112.357773427096,108.155013932448,126.666773877859,101.001992973882,99.9953038764827,107.431953281762,110.458234033431,108.804917843788,100,100.29639224295,100.998560360106,110.909285286899,108.915682365073,110.335269893752,100.8015,100.095899754857,102.722201791212,111.909687040187,108.371757447342,114.566075817828,100.3,100.196095850708,101.604551722267,111.463831713334,108.697851000343,111.990298942159,101.001992973882,99.8954084680147,106.791206045489,111.124983937054,108.804917843788,100.901091882,99.6960164351444,105.838658122388,111.908342333387,108.371432115326,100.8015,99.8957079553471,103.44125720375,112.133506414267,108.155013932448,119.836115305448,100.901091882,99.7958122473918,105.102937559471,112.357773427096,108.26316894638,100.699188998946,100.596175657476,109.702557158159,109.024707072146,109.786338202739,100.900990980908,100.295289788112,108.508958613412,109.024707072146,109.240137515163,101.001992973882,99.9953038764827,107.969113048171,109.243193459064,108.804917843788,117.227219,31.820592
"23","Hohhot",101.8107234144,102.216842731337,104.055312526133,113.015609470447,104.178556047732,103.862374680529,102.832399116843,101.502755050281,108.600936363606,110.315476693974,103.76215435921,100,102.421583476707,101.501029505069,112.005321470781,106.182684528386,103.241993953072,100.7006,102.421583476707,103.95156886041,113.015609470447,104.91189015995,103.345029463037,100.1,102.421583476707,102.617540829625,112.453342756664,105.757953790273,103.138751959119,102.729669447396,101.910396636828,107.84601426376,112.109224282494,103.76215435921,102.422402240674,101.910396636828,106.567207770513,113.241640689388,103.866020379589,101.0027018,102.31916189323,104.159471998131,113.015609470447,104.702066379631,103.655064551426,102.217966308058,102.114625888605,105.512086901498,113.015609470447,103.866020379589,102.626837151009,101.399629875194,111.337297684673,107.147007596757,103.138855097974,102.729566717726,100.99564728605,110.453668337969,108.120088392288,103.035819278695,102.832399116843,101.09674403008,109.143941045424,109.102006450341,103.76215435921,111.749181,40.842585
"24","Huizhou",102.217358472,102.21542002354,105.109206020316,112.81098223585,103.055138644189,109.352929807455,102.831173709624,102.419748443736,108.297867532982,109.566355791794,102.435993251317,100,102.831070878451,103.03477657138,111.694180119398,105.886335475275,103.359760626255,101.4045,102.522783327957,103.756020007379,112.926166926115,104.724127057098,104.707778624343,100.9,102.728239807572,103.03477657138,112.364345200114,105.568676468849,103.979919190013,102.831173709624,102.52227071445,107.4383606478,111.461196125935,102.02788172442,102.831173709624,102.317635443563,106.79757519662,112.360076739853,102.232346417254,101.810118,102.420260544629,104.482312147431,113.377871593819,103.781609913585,105.859564189211,102.72844526436,102.21542002354,105.844970462458,112.698171253614,102.642918089613,102.934004883334,102.726596781036,110.917755828598,106.525488405709,103.463223850105,102.934004883334,102.521553673689,109.928400226559,107.060792367547,103.256710429247,102.831173709624,102.214908946849,109.055952605713,108.251559522292,103.050609210825,114.415801,23.112257
"25","Ji''Nan",101.60932302,99.990997307372,104.783233636145,111.907748750708,105.154027239706,109.758280954203,101.709507373874,100.29096989933,108.068366456485,107.930165572051,105.574536510911,100,100.796257805822,100.994512357358,110.46550231524,105.893589338368,106.74050972087,100.6008,100.796157009564,102.718690672322,111.461901146124,105.364756753213,107.595714684754,100.2,100.695461548016,101.802468456217,110.907364324501,105.575908570353,106.953990740312,102.117979291038,100.090788322685,106.998382630184,109.351738168238,105.363808893125,102.117979291038,99.8910063100646,105.938992703152,110.679896931415,105.574958810747,101.103804,100.594564695545,103.643158888373,111.907748750708,105.154027239706,108.564076116917,101.81254166604,99.8910063100646,105.411933037962,111.460117755705,105.469489321425,101.099556475248,100.592143782229,109.915922701732,106.212226016418,106.421245982922,101.302160796842,100.491652130099,109.260360538501,106.638781140982,106.208828326269,101.811216881248,100.391260869229,108.716776655224,107.174654413047,105.785685583933,117.12,36.651216
"26","Jilin",101.8998405,101.390344554825,104.77999284636,111.125197345034,104.42017253016,103.997718373462,102.410257514567,101.389432041724,108.279545993738,108.591126798384,104.002701097752,100,102.103333870386,101.998275581134,110.351193193167,105.789521828263,102.966308983674,101.7,101.695226844906,103.431249354774,110.79259796594,104.734165558504,103.068657494803,101.7,101.797023868775,102.712263510202,110.79259796594,105.36636374095,102.760376365706,102.307949565002,101.694515588489,107.526857987823,109.356623160508,104.106807905657,102.10374208084,101.390344554825,106.991898495347,109.906153930159,104.002805100557,101.1915,101.491836391216,104.258699349612,111.014183161872,104.629431392946,103.274794809793,102.0017403405,101.390344554825,105.93257276767,110.569571358309,104.106912012569,102.205539409796,101.998275581134,110.021129803756,106.001524878019,103.379828296861,102.307847257053,101.490821473766,109.364940162779,106.32048633703,103.587002301464,102.410257514567,101.490821473766,108.929223269701,106.962259896409,103.690692994458,125.325862,43.89654
"27","Jinhua",101.2036032,95.7769164762732,96.6267163802777,101.759862243917,95.6147963372396,98.8171544876041,101.507517721613,94.0620164202281,100.051093446858,98.1411551649149,96.5742956015184,100,101.202995168448,94.907720390839,101.355763307245,96.4829359289728,97.9334019019069,100.2,100.899588588933,95.4779259749472,102.066469919555,95.5204221601454,98.0313353038088,100,101.000589178111,95.2873512724024,101.659830597166,96.0970041852569,98.0313353038088,101.507517721613,95.0121377982102,98.9625058821546,99.8384081026602,96.1895374517115,101.406111610003,95.0121377982102,97.8857624947127,100.643556555101,96.0934440077039,101.0016,96.2582075138424,96.2417493827467,102.168536389475,95.233860893665,98.423460645024,101.3048068032,95.4895857268444,97.5929835440805,101.251062932697,95.9016407262513,101.507517721613,94.0611698620803,101.153456394456,96.8704175993703,97.543228985963,101.507517721613,93.7798303709674,101.153456394456,97.0645466927558,97.2514745622762,101.507517721613,93.7798303709674,100.95155328788,97.5523082339255,96.8640184883229,119.647421,29.079175
"28","Jining",101.6078144081,100.696187056967,104.78787150374,111.123997916134,106.008217573069,104.11160729495,101.505800568866,101.099071897205,108.393624200936,109.463690584175,104.321500270391,100,101.100183389792,101.402267710527,111.235233149283,107.290022406619,103.696510578305,101.2027,100.696187056967,102.723539258795,111.123997916134,106.75421603472,103.799999695863,100.9,100.897983023013,101.706474513659,111.235233149283,107.075442361806,103.592814067727,101.505800568866,100.79668185165,107.108324309226,110.457810882114,104.845728914966,101.709219006879,100.59549086991,106.469507265632,110.901416548308,105.478600518074,101.3039027,100.696187056967,103.956221729901,111.123997916134,106.327199170581,104.007599695254,101.811030036916,100.59549086991,105.207022989755,111.23512191405,105.584184702777,101.302788967728,101.402267710527,110.352413838574,107.612860989588,103.904319216739,101.505800568866,101.098970798133,110.02234679818,108.045041154204,104.11254430535,101.505800568866,101.200170969102,108.610411449338,108.587981059502,104.425821770662,116.587282,35.414982
"29","Jinzhou",102.522889728,102.112391561146,104.995346130541,114.262969591608,103.962060590044,99.5778027033048,102.624797071118,102.009463495801,109.79967562849,111.094113873451,102.41092794784,100,102.419445057429,102.210733468914,113.240854917343,106.606050006243,101.288906042929,101.304,102.419445057429,103.747574057353,114.034899792024,104.484483005069,100.480114128176,100.8,102.419445057429,102.517365669321,113.580577482095,105.646595556187,100.782461512714,102.830457987092,102.213891278358,108.283703775631,112.443435094586,102.71908520345,102.933391378471,101.908166778024,107.211587896664,112.668772639866,103.339119922988,101.709216,102.214606167314,104.058816779525,114.262969591608,104.484483005069,100.078193671663,102.727935507456,102.112391561146,105.940304245716,113.577391774058,103.546212347683,102.521967024453,102.415564598111,112.902148471928,107.141758800244,101.593687104241,102.419547476976,101.703639124241,111.56338781811,108.114791927593,102.00169387976,102.419547476976,101.907454032306,110.787872709146,109.649890393096,102.206106091944,121.126846,41.095685
"30","Jiujiang",102.2159378,99.9870291305096,102.817425567404,107.746082210332,100.636579025158,102.1466710541,101.909392508981,99.886942214337,105.093720872876,104.970340032091,100.535037622651,100,100.388280687265,100.487062963161,107.20939199401,102.470828981226,100.031864279807,100.6,100.087316621765,101.797012315949,107.531020169992,101.040336208648,100.432291832519,100,100.187504125891,100.889011215013,107.531020169992,101.446120691413,100.131896144087,101.807584924057,99.9869291434805,104.570866540176,105.923652908265,100.635673295947,101.909494418476,99.8870421013791,104.675542082258,106.77787591559,100.635673295947,101.5054,100.187403938386,102.407794389844,107.746082210332,100.83825553623,101.135317875347,102.0115059244,99.8870421013791,104.051234674212,107.530590045911,100.938488762233,100.994246164251,100.086716098766,106.676011934338,102.779166480668,99.732666280964,101.501754938945,99.886942214337,105.829376918987,103.088431775996,99.8324987797437,101.909392508981,99.886942214337,105.093720872876,103.710695951706,100.13289747216,116.00193,29.705077
"31","Kunming",101.80971801,102.114534474066,105.529552144115,110.926571855909,104.760626143986,104.650229204992,102.013235432683,102.318049149731,107.762719099712,108.39407384981,103.820501770715,100,102.216751225291,103.653510466316,109.715526170202,105.708945212231,103.612757154312,101.505,102.216751225291,103.964470997715,110.594566965878,105.181034739841,103.923595425775,101,102.216751225291,103.964470997715,110.373819327223,105.497527321806,103.923595425775,102.013235432683,102.318049149731,107.013623733577,109.488963484657,104.237451577023,102.115350783466,101.910407519652,106.693543104264,110.37193899663,104.551104891698,101.70801,102.114534474066,104.900151236695,110.705161532844,105.075853705101,103.81967183035,101.91152772801,102.012419939592,106.162729456979,110.926571855909,104.551104891698,102.216751225291,103.035298674271,109.169677781296,106.240145941941,103.509247906406,102.42159441412,102.52268524803,108.626545056015,106.881434549236,103.612860767173,102.319275138981,102.52268524803,108.193769976111,107.418527185162,103.612860767173,102.832892,24.880095
"32","Lanzhou",101.096776,101.704265512679,105.206398980084,110.691679069255,105.279653188418,106.227043583395,101.400167121283,101.704265512679,108.719766109065,108.602227102919,104.4395198715,100,101.907979563828,102.008971492155,110.030176547222,106.874450833406,105.171640905799,101.6048,101.907979563828,103.235833392292,110.47062734394,106.021165217952,105.487366171798,101.2,101.907979563828,102.314998406632,110.140206723769,106.446953030073,105.381984187611,101.501668790074,101.704265512679,107.536860642003,108.929014145355,104.4395198715,101.400268521552,101.704265512679,107.001851385078,109.586533345428,104.648817506513,101.096776,101.806071584264,104.371427559607,110.581097971284,105.915144052734,105.803828270314,101.197872776,101.704265512679,105.837637373964,110.470295711117,105.069093882041,101.907979563828,102.008971492155,109.810555436349,107.088628089585,104.961717470858,101.806173390437,101.602561247167,109.373063183615,107.4108606716,104.961717470858,101.602967455526,101.704265512679,109.045925407392,108.059215967405,104.961717470858,103.834304,36.061089
"33","Luoyang",104.0504331465,104.569741051775,107.631539433307,115.176994782239,107.145250231543,106.928293939988,104.885232686295,104.360601778706,110.896065887915,111.867422426071,106.93106687633,100,104.98917300792,104.6736831666,113.693066062408,109.096363604899,106.290869296197,103.2231,104.884183834912,106.246509929862,114.947100581077,107.79113471073,106.078393848474,102.1,104.884183834912,104.883030532933,114.375224458783,108.441785423269,106.1845784269,104.571518131899,104.465066845552,110.234657940273,112.997396389971,106.93106687633,104.467051080819,104.360706139413,109.035269970596,113.908665715697,107.038104981312,103.5327693,104.674415467242,106.671495969581,115.176994782239,107.575552441308,106.290550636171,104.258534012793,104.465171310723,108.38496020934,115.292171777021,107.038104981312,105.305088272738,104.464753659282,113.353007041284,109.865421555789,106.503877050297,105.305088272738,104.256241176928,112.565051679528,110.306648148383,106.717311673645,105.199888384354,104.256241176928,112.005026546794,110.972483046663,106.824135809454,112.45404,34.619683
"34","Luzhou",99.998097,101.403877841962,106.47465249551,113.814883590466,103.436376429809,104.048581820252,101.302878972727,102.115125452377,108.506178217659,109.540631660785,102.5084446647,100,101.606990215403,103.135445707795,112.235821641709,104.898671462703,103.4306069426,99.7985,101.505383225187,104.480331919825,113.247964281274,104.269279433927,103.221263394148,99.5,101.606990215403,103.651122936334,112.90923657156,104.269279433927,103.84432937037,101.100677617492,102.013112340037,107.431859621445,111.095975315198,102.713872409519,100.298291287194,101.606685597646,106.368177843015,113.017268886264,102.816689098618,99.7985,101.505383225187,105.629615570943,113.587708174118,104.060740875059,103.530927184331,100.198093194,101.403877841962,106.47465249551,113.928698474057,103.126067300519,101.606990215403,102.622334037607,111.455632216196,106.280315565049,103.4306069426,101.606990215403,101.706971295943,111.011585872705,106.707144141615,103.637882708016,101.505484730672,102.013010326924,110.459289425577,107.45935965923,103.431020666683,105.442258,28.871811
"35","Mudanjiang",101.597237,101.494218829017,104.465430371162,107.853465852352,103.716630522902,101.863063807418,102.003522723988,101.493914143372,106.357642823844,106.668156262635,102.991651275547,100,101.901519201264,101.594393930325,107.853573705926,104.760469706289,102.477516540413,102.2105,101.799617682063,102.407149081768,107.74572013222,104.132744971809,101.863471261303,101.5,101.901519201264,101.594393930325,107.853573705926,104.341427827464,102.272561507332,102.20793860119,101.697308760893,106.145352119605,107.7456123865,103.509197261856,102.003930739711,101.595713047846,105.827868514063,107.7456123865,103.716630522902,102.2105,101.799617682063,103.328813423503,107.74572013222,103.924479481866,101.65974431878,101.902028711,101.494218829017,105.19668838376,107.853465852352,103.716630522902,101.901519201264,101.696090020345,107.316988762115,105.392826666287,102.682882305023,101.901519201264,101.290926315085,106.889431037963,105.604034735759,102.785667972996,102.003522723988,101.290926315085,106.889431037963,106.241483637584,102.991651275547,129.633169,44.551653
"36","Nanchang",103.023636,101.179406055144,107.618430230821,114.13518367862,106.813950299476,113.950115669343,103.539372321816,102.398829976619,110.881902345504,110.857216885636,107.456116623188,100,102.096848334276,103.322879066304,113.453215718218,107.674050615795,109.403259322217,102.818,101.892654637607,105.187340419056,114.021162516104,107.0280063121,110.716098434083,101.8,101.892654637607,103.632847703503,113.680122149655,107.674050615795,109.403259322217,103.539372321816,101.990866510576,110.22057887227,112.317342336004,107.241633356475,103.539372321816,101.584528396989,109.78145306003,113.337378744706,107.241633356475,102.818,101.892654637607,106.870337865761,114.13518367862,106.813950299476,112.376839910594,103.332706908,101.381764867254,108.586996102898,113.906913311262,107.027578200075,102.609897823392,102.808834891845,112.888771858924,107.998044750045,108.750754793456,103.125525450646,102.808834891845,112.551118503413,108.431771837395,108.31748485404,103.435832949494,102.603627636572,111.879839466614,109.637787499894,107.885941089681,115.858198,28.682892
"37","Nanchong",98.2007162136,98.2967612263096,104.86324989976,112.093946875652,103.227918920496,101.988232341268,98.9875991418238,98.4930594656847,109.441608550756,108.9820426987,101.79004135314,100,98.6909332082082,99.9776580635102,110.428773173183,104.896532587496,100.97795796118,97.9068,98.493650032725,102.391518639796,111.535821624245,104.163515617775,100.675226043213,98.3,98.592242275,101.177389960272,110.980917039049,104.476946457146,100.876980003219,98.9875991418238,98.2964665326195,108.680842652191,110.41746980618,101.994029411964,98.3972158467434,98.1002660006183,107.818296281935,111.64557108815,102.403643987916,98.1026136,98.3951563826923,103.824999900753,111.981964910742,103.538534524068,101.379952625515,98.2989169298136,98.1984644650833,105.911882398758,112.093946875652,102.711779325894,98.7897229311393,99.2826793083517,109.770152259626,105.423650841705,101.281803371294,98.888611542682,98.7887356302007,109.660491767858,106.166818571707,101.383186557852,98.9875991418238,98.6900455846161,109.660491767858,107.674258186315,101.484671229081,106.110698,30.837793
"38","Nanjing",101.6078079825,98.896391237767,106.131588174855,113.913391549088,110.421212288398,132.302174069257,101.201884586394,99.6895418778361,109.677146880186,111.535328661175,113.093815163036,100,99.69183457829,100.689331484591,112.444513674801,110.201251472069,117.103159414695,101.2035,99.1937741727368,103.119468499971,113.120192757472,109.980848969125,123.031389756905,100.7,99.2930672399768,101.595535467952,112.781847215825,110.201251472069,119.913635240648,101.404693974343,99.4905607563235,108.914743674465,112.661948142601,112.085049715596,101.506200174518,99.0941840202425,108.157640193113,113.570512240525,111.195485828964,101.7095175,98.9953866243913,104.666260527471,113.572673528502,110.200810667064,127.091425618883,101.6078079825,98.896391237767,107.192904056604,114.141218332186,110.752475925263,100.192798571146,100.088798692436,111.885088233632,110.311563035105,116.058631729133,100.696279971001,99.8890206511336,111.328446003614,110.311563035105,114.79587708124,101.100682701808,99.7892314197139,110.554564055228,110.754581360547,113.659284238851,118.796877,32.060255
"39","Nanning",102.518331048,100.787673782618,104.981233958787,113.233708641775,106.821251022912,112.168830078026,102.210981091518,101.090238379313,109.458611628793,109.979640001439,107.677530171111,100,101.904552570206,101.596194516344,111.774039493501,107.144718024076,109.083702565572,101.1987,101.090946622485,102.609718152839,112.782241329732,106.289167450654,110.17715760009,101.3,101.496934359925,101.393002127311,112.332909690969,106.823283870004,109.738204780966,102.210981091518,101.090238379313,108.589892488882,111.202871588917,107.248536027003,102.313294385904,100.8884614564,107.408400087914,112.553513753964,107.248536027003,102.0082896,100.787673782618,104.251473643284,113.120588053722,106.501745785555,110.94839770329,102.518331048,100.787673782618,106.555952468169,113.346942350417,106.821251022912,102.108770110427,101.697892408753,111.217949744777,107.683133692539,108.757430274748,102.108770110427,101.59629611264,110.995957829119,108.007155158013,108.324133739789,102.108770110427,101.292418856072,110.005904686937,108.54990468142,107.785207701282,108.366543,22.817002
"40","Ningbo",100.2969871904,94.8912500488231,94.1091915241659,98.8187130451479,92.6641442987248,99.9497796571849,100.396380602033,92.1641765960247,96.0985874261277,94.730094803059,94.8137435861072,100,98.7989543254236,91.7039086981042,98.3272756811482,93.0363813731331,96.2438383552454,100.5004,98.502755060356,93.3611817360963,99.0167465382244,92.5717576845556,97.3054078923037,100.1,98.6013564167727,92.2541321502928,98.7205847838728,92.8503086103868,96.7250575470216,100.396380602033,92.5343138514304,95.430573412242,95.3978799627986,94.3420334190122,100.698476030123,93.0928710778978,95.5260995117538,96.7524137553739,93.6862298103398,99.8973976,96.9267109793903,93.5479040995685,99.0167465382244,92.4791859268711,98.8622944185806,100.597878151971,93.3729900480419,94.7679558648351,98.225800766877,93.2201291645172,99.2954314828378,91.7039086981042,97.8380852548738,93.4100214589689,95.9559704439136,99.894800284545,91.7039086981042,97.3513286118148,93.7851621073985,95.478577556133,100.295984221431,91.9798482428327,96.9634747129629,94.2564443290437,95.1929985604516,121.54399,29.868336
"41","Pingdingshan",101.090529936,101.697880218162,105.089401064469,112.677109542426,105.880503652396,106.62197749943,101.698388505996,101.595775953214,108.707348418222,109.882435082292,105.562756578577,100,102.003585064604,101.900155678821,111.336280038627,107.268787882477,106.090780642481,102.212,101.901581479539,102.918036333896,112.339865266895,106.305299629716,106.196871423123,101.2,102.003585064604,101.798255523142,112.115633998897,106.625175155182,106.196871423123,101.495397710575,101.392989973268,107.418328476504,110.65703432255,105.457299279298,101.394003706868,101.392989973268,106.671627086896,112.001046885172,105.457299279298,101.496516,101.79967989806,104.358888842571,112.564544997429,106.092689030457,106.515462037393,101.191620465936,101.494484457725,105.82502687192,112.677109542426,105.562862141439,102.105690755359,101.59536957011,111.003270227943,107.807827017565,105.879022597286,102.003687068291,101.798967505121,110.561026123449,108.567801628967,105.985007604891,101.901785283008,101.595775953214,110.120543947659,109.223140471798,105.985007604891,113.192661,33.76617
"42","Qingdao",100.900385568,97.5051080978775,100.8565356293,107.926396033298,97.8028569669358,100.565254718434,101.506695580066,97.1155749960163,104.639773096082,104.826645112472,97.998364682407,100,100.797468600741,97.2107482595124,106.748211220467,99.9848882994579,97.8996816025626,99.9984,100.294086042549,99.1638094027942,107.710866589253,98.6892841168735,98.2915740280176,100.4,100.495076194939,97.891223497329,107.38870048779,99.3849789696612,98.1933806473702,101.60830388395,97.2127877838001,103.398985272808,105.885500113608,97.998364682407,101.405492898153,97.4076029897796,102.578358405563,107.171558819442,97.8027591640788,100.3983936,99.0905570100381,100.155447496822,107.818577455843,98.0971484121723,99.3727813423258,101.203086724704,97.4076029897796,101.764244449964,107.818469637265,97.7050541099689,101.100770913481,96.7271126960322,106.111541968655,100.892924621047,97.6068610195041,101.404985871095,96.7271126960322,105.583623849408,101.912045071765,97.8024659514069,101.608202275646,96.7271126960322,105.058332188466,103.359072080898,97.9003663177246,120.382609,36.067108
"43","Qinhuangdao",101.5019457984,101.196631395382,105.206569000465,110.034594656896,101.744377169172,101.33517147167,101.806146012827,101.702917231483,107.968246236251,107.523762839746,101.033995893704,100,101.399430255894,102.211736417471,109.159028127424,104.118883269819,100.932558165962,101.5056,101.196631395382,103.646073714618,109.814964727442,102.873100831496,100.830414417098,100.8,101.196631395382,102.518371626724,109.486505211806,103.39005108693,100.528827933299,102.010166345518,101.398721068279,107.005199441279,108.500265226787,101.135131024728,101.908258087431,101.095434763987,106.36699745654,109.375267365712,101.337806638004,100.8965664,101.196631395382,104.37159623062,109.814964727442,102.46160842817,101.032075245933,101.806451635795,101.095434763987,105.837808414468,109.814525467583,101.540888414834,101.500931187081,101.804518344095,108.832530535816,104.327538346512,100.932558165962,101.704339866815,101.906424768864,108.615299935945,104.851797333178,100.731095974014,101.806146012827,101.804620148715,108.724023959904,106.448525211348,100.831927901916,119.600493,39.935385
"44","Quanzhou",101.507816412,101.000785578257,103.644996864195,110.360498113391,100.205180605312,101.915671121569,101.609324228412,100.899079099584,106.154220170185,106.759485958213,99.8048607083838,100,101.609222619088,100.898978200505,109.047454443019,102.757294876559,100.30448384109,100.701,101.406105783072,102.113297403148,110.250247865526,100.506499089583,100.404186498028,100.2,101.507613396469,101.403473091508,109.592691715234,101.113178158534,100.103874873408,101.609324228412,101.000079178763,105.626089721577,107.837864604255,99.8048607083838,101.507816412,100.697985223094,104.683934312762,109.147636239125,99.9047654738577,101.305206,101.101887465723,102.113297403148,110.360498113391,100.405992590493,101.006611617016,101.507816412,100.798784007101,104.266866845381,110.250137615278,100.104975424707,101.609222619088,100.798180020485,108.397072010953,103.273663192522,100.104275290509,101.71093355264,100.899079099584,107.965211166288,104.527999182714,100.104275290509,101.71093355264,100.899079099584,107.428070812227,105.264853154798,99.8048607083838,118.675676,24.874132
"45","Sanya",101.1036015936,100.597986620002,102.521438753985,107.119870107907,100.539419387628,100.73778187559,101.305505485982,100.196097462259,103.549216173803,104.026144232942,100.739793647358,100,101.10289447501,100.596781255227,105.844225336334,101.551588536813,100.939762137748,100.8016,101.10289447501,101.302165885388,106.480137442155,100.841742932941,101.040701899886,100.4,101.10289447501,100.898571598992,106.267602237679,101.043830594129,100.939762137748,101.305505485982,100.196097462259,102.931626415311,104.548888676324,100.43847821272,101.305505485982,100.296393856116,102.623755149861,107.119762988037,100.238002208304,101.2048064,100.90068868606,101.909978880701,106.906057991923,100.740901190008,100.838620496086,101.406912398381,100.396790646762,102.418917315231,107.226989978015,100.338340548852,101.10289447501,100.195997266162,105.632959417499,102.267460762148,100.437574266416,101.305505485982,100.095901364797,104.690742732903,102.884769378419,100.739793647358,101.305505485982,100.196097462259,103.859863822324,103.610039656011,100.739793647358,109.511909,18.252847
"46","Shanghai",102.3177513486,101.09525127124,109.760582749864,122.684499281359,116.789144776781,149.980690974426,102.624909238149,101.196144332009,116.840091217174,118.802197421529,125.301623788084,100,101.806063240089,102.006927840397,120.741140649819,116.208798039372,134.173292451412,101.8081,101.500848662495,105.088455123527,121.83022573848,116.092589241333,140.416107402591,100.9,101.704257176849,103.129004046641,121.344846353068,116.208798039372,137.125104885343,102.624909238149,101.196144332009,115.113390361748,120.123556543508,123.693606898405,102.624909238149,101.196144332009,113.300581064713,121.582547108813,121.745676081107,102.0117162,101.29784696517,107.925843411862,122.317546641434,116.092589241333,145.471087269084,102.522386851297,100.994156019969,111.297230908362,122.316445783514,119.35850596187,102.112400441413,101.398536620673,120.021014562444,116.558473459751,131.671533318363,102.419659419672,101.196144332009,119.305183461674,117.026579778867,129.59796586453,102.624909238149,101.196144332009,118.475852494215,117.732977644735,127.306449768694,121.473701,31.230416
"47","Shaoguan",103.2294928665,104.681634739528,108.289190346528,111.902290307499,101.407337399815,102.407614306394,104.264161038728,104.576848527835,111.12586222876,107.380038584171,100.195813603652,100,104.472689360806,105.942634308889,112.126655520944,103.66957730019,100.494593511986,102.4095,104.472689360806,107.108003286287,111.902402209902,102.326226917535,100.689251539619,101.9,104.472689360806,105.942634308889,111.902402209902,102.943890259089,99.7911313574021,104.368529568297,104.576848527835,110.572997242547,108.794365333507,100.497305520213,103.952718693523,104.472376151683,109.695433772368,110.56337940397,100.90090915684,102.5119095,104.681634739528,107.536435299432,111.790499807692,101.916922009864,101.796833306555,103.848869823699,104.576953104788,109.805239011379,111.342778855962,101.103115387616,104.472689360806,105.731171964959,112.351358237418,104.29534939657,100.294005500984,104.472689360806,105.20514623379,112.351358237418,105.030563339949,99.7950303492378,104.264161038728,104.995155921946,111.570365677675,106.306238198329,99.7950303492378,113.597547,24.810329
"48","Shenyang",101.608314,102.010154805377,108.590938321516,117.353920967573,105.9090636035,106.965044781973,103.140892641623,101.907838722322,113.782225842446,112.041577212025,106.757497716583,100,102.419320194392,102.314753255028,115.956518750373,106.975397791903,106.011688983475,100.4,102.214583973324,105.303367197607,116.76960585985,106.121306215932,105.799347570441,100.4,102.316900874198,103.849474553853,116.304388306624,106.547496200735,106.117700672459,102.832395455257,102.009848570893,112.879192304014,113.863391475635,106.438183167082,102.52482099228,101.907940630262,111.651030963417,115.832544736149,106.225731703675,100.902,102.010154805377,106.461704236781,117.23668428329,105.9090636035,106.010946265582,102.11635557,101.806134495767,110.545575211303,116.884505283703,105.697245476293,102.624569333059,102.110532190646,115.725068613146,107.946920072556,106.117806790266,103.244033534264,101.703717321361,115.378931817693,109.258016267769,106.117806790266,103.244033534264,102.009746561044,115.033830326713,110.69707828548,106.54398272115,123.431472,41.805699
"49","Shenzhen",103.74114,102.192285700683,113.610898625523,125.982319690086,126.817615354736,206.248355252864,104.26026066456,101.885606957872,120.222671425584,123.106832269405,161.60451525549,100,103.32431474067,104.039913342203,124.730517230263,123.093091577214,180.618576312041,103.02,102.911430778967,108.668024847318,125.479898177783,123.709295593649,194.417835542281,102,103.117666111189,106.328791435732,125.229439299184,123.462370851946,187.843319364522,104.26026066456,101.783823134738,118.562792332923,124.47606902872,153.762621556127,104.26026066456,101.783823134738,117.621817790598,125.227433630503,144.785896003887,103.02,102.60269648663,111.602061518195,125.730857974138,124.575260662805,201.611295457345,104.15610456,101.885708843581,115.769505699408,125.730355050706,135.187577968148,103.843532402684,103.0098151903,124.109967393297,121.633489700804,175.018000302365,104.156000403895,102.39544253509,123.002940924972,121.633489700804,170.085520216098,104.26026066456,101.98749256483,121.905788825542,122.121977611249,168.06869586571,114.057865,22.543096
"50","Shijiazhuang",102.1144356288,101.908779613226,107.323066524575,115.188820206626,109.985034045642,114.005501068094,102.728348432716,103.033040123365,110.577366173919,112.105829215728,111.199164227939,100,102.317743634533,103.34110644054,113.591261795966,109.877027231336,111.643847905165,101.0016,102.010790403629,105.313268115852,114.729900604209,109.328081603288,112.42647127898,100.8,102.010790403629,104.064494185624,114.272809366742,109.767150204105,111.867135600975,102.728348432716,102.827385352659,109.699768029681,113.467438477458,110.645934555163,102.523301829058,102.112597172452,109.153998039484,114.382498465179,110.205114098768,101.9106144,102.010790403629,106.577027333242,115.188820206626,109.656065848098,112.988603635375,102.318664500058,101.908779613226,107.859681857197,114.382498465179,110.095019079688,102.420163798331,103.652062628426,113.251507274144,109.987014245582,111.532315589576,102.625414627586,103.239106203611,112.688066939446,110.207429103789,111.309696197181,102.831076781149,103.239106203611,111.46198510331,110.872665094355,111.532761720622,114.51486,38.042307
"51","Taiyuan",100.2987947952,101.203992920098,105.947065094972,116.097031057779,109.743098136148,111.956927044862,101.204094124193,101.507705799037,111.340187232836,112.757918876963,110.51316732206,100,101.203992920098,102.423102289933,114.486874594762,110.074089269488,111.622172484448,99.7992,101.203992920098,103.860405684368,115.634147565076,109.414635400675,111.733794656932,100.2,101.203992920098,102.730371596803,115.288282716926,109.74386700168,111.622172484448,101.204094124193,101.305095607822,110.347063659897,114.012051442835,110.402764557503,101.002089944304,101.203891716105,109.362798473634,115.748275576482,110.072546916752,100.0985976,101.203992920098,104.587428524158,115.981050007772,109.633464671476,112.068996040903,100.699989974381,101.102788927178,108.066006396872,116.213128088837,109.96258433242,101.203992920098,101.812228916434,114.144441270949,110.516153885028,111.510661822625,101.203992920098,101.507705799037,113.803032174426,110.95999386047,111.177130431331,101.305298218317,101.507705799037,112.67626947963,111.517581769317,110.955219991348,112.548879,37.87059
"52","Tangshan",100.4005002,100.299798598901,101.102087660449,102.422899701153,97.3122350027141,95.9569494282283,100.6014016009,99.9990998027012,101.304190531478,100.791600959552,96.5349048695124,100,100.6014016009,100.399195601017,101.912927412382,98.8856245284115,96.1492477314889,100.1,100.500800199299,100.599692794632,102.320579122031,97.8988448812425,96.1491515822412,100,100.6014016009,100.298796405416,102.320579122031,98.1934251567126,96.0530984837574,100.6014016009,100.099199001703,101.101986558361,101.706963632242,96.7283615926978,100.5009007002,100.299798598901,101.101986558361,101.910785202647,96.7283615926978,100.3002,100.299798598901,101.2032909514,102.320579122031,97.5072495017175,96.0530024306589,100.5009007002,100.299798598901,101.000985572788,101.910785202647,96.7283615926978,100.6014016009,100.399195601017,101.608103103072,98.8856245284115,96.3419315946783,100.6014016009,100.098898904304,101.608103103072,98.984609137549,96.4383699646429,100.6014016009,100.199098002307,101.304190531478,100.186851353795,96.5349048695124,118.180194,39.630867
"53","Tianjin",102.521774781,100.891348003671,106.356289472953,111.130582757818,106.329640117378,116.150503360852,102.418126191238,101.59920291196,108.068120353905,108.593427101224,107.396770343459,100,101.296127328475,102.209610923056,109.916873601315,106.436395715632,109.560110365029,101.8081,101.093535073818,104.158748203358,110.797967260103,106.117299401276,110.878666293272,100.9,101.093535073818,102.720658977671,110.356541095721,106.223522924201,110.107910916854,102.315810380857,101.295316961077,107.637570073611,109.690330405277,107.182405532394,102.009781037744,101.093130699678,107.102059774737,110.574929844029,106.968468595204,102.3171405,101.093535073818,105.616970678205,111.019563194624,106.223416700678,113.207118285431,102.214209456657,101.093130699678,106.781714630844,111.130582757818,106.542299397613,101.600930118832,102.005599723608,109.370023483896,106.649695105844,108.690585679593,101.906650069039,101.59920291196,108.934286338542,106.970606926623,108.257555457762,102.213289938855,101.59920291196,108.608460955675,107.724679684414,107.933754195176,117.200983,39.084158
"54","Urumqi",103.8503696928,105.733226420492,113.474743429719,120.346226463249,112.859353676693,110.839608379631,105.311664250166,106.368789478905,115.988466080413,117.360135759566,112.183438330367,100,105.733332153824,108.188257328553,119.151256132472,114.453364901358,111.958623617421,102.7176,105.733332153824,111.019003081555,119.747489018158,113.653564787427,110.507863772586,101.6,105.733332153824,109.378328159167,119.270407388604,113.995551441753,111.174913252099,105.101461327511,106.156476525853,114.953881150063,119.026506855544,112.52100133437,104.787100027429,105.838959646912,114.154797567093,119.744976715839,112.52100133437,103.4366232,105.62759882167,112.12919311237,120.346226463249,113.198950528278,110.618371636359,104.369621541264,105.733226420492,114.269066633727,120.225880236786,112.63363496934,105.733332153824,107.864663338538,118.088459992539,115.028507438551,112.182989596614,105.733332153824,107.221335326578,117.617988040377,115.839383120394,111.959071453706,105.522287578667,106.687895847341,116.800385342976,116.538614809249,112.183438330367,87.616848,43.825592
"55","Wenzhou",100.1,87.7984632997424,82.577799699904,79.1601896895866,76.5039309977512,79.1448954305591,100.8021022008,84.6751154506472,82.658889780607,78.9227091205179,77.2717287359129,100,93.1116717293356,82.9924298795823,80.6061899321685,77.1227416991123,78.3590311400747,100.1,92.0902366904648,82.660460160064,79.3187478665719,76.2000452174241,78.4373901712148,100.1,92.5530016989596,82.9924298795823,79.4777032731182,76.6600052489176,78.3590311400747,100.8021022008,85.0151761552682,82.741631412019,78.9227091205179,77.117493748416,100.7014008,85.7007824145849,83.073927120501,78.9227091205179,76.9635666151857,100.1,91.0772440868697,82.577799699904,79.2394291187053,76.0476451269892,78.8295771220708,100.5004,86.218090960347,82.9081108987036,79.1601896895866,76.6569388597467,94.9150578280689,82.9924298795823,81.9168596871631,77.4324715854541,77.9691852140047,94.9150578280689,83.6617236689338,82.3285021981539,77.8215794828684,77.6585510099648,99.4916748721896,83.997714527042,82.4109131112652,78.4491728657948,77.5035439221206,120.699362,27.993828
"56","Wuhan",102.31866408,101.908371559734,107.8562626966,115.647960882253,110.191030860155,120.03369839586,103.036738511705,102.009973696433,111.680917146781,111.415582280824,111.852176637327,100,102.419650866538,103.340694918272,114.157170175267,109.751914110311,114.332790896706,101.505,102.11259675324,105.731171873122,115.072139894222,109.642162196201,116.284680302894,101,102.317231215672,104.477442562373,114.727956026144,109.642162196201,115.361786014776,102.831076358987,101.908065630802,110.575165491863,113.227217765065,111.074654058915,102.728348010976,101.806259371431,109.697584813356,115.185369038724,110.632125556688,101.91102,101.908371559734,106.68275241998,115.532428453799,109.861446520593,117.680096466529,102.52330140816,101.704554816614,108.826969060869,115.647960882253,110.301221891015,102.727834369647,102.622338548433,113.815723006249,109.751914110311,113.53802472364,102.830665034682,102.111779650182,113.249475628108,110.082160592087,112.860859566243,103.036738511705,101.907963722737,112.239321732515,110.524257622578,112.523289697151,114.305393,30.593099
"57","Wuxi",102.012317568,99.7884491479787,102.81377323145,105.832429976884,99.9521725933952,105.223914762184,101.19754457551,100.5882535679,103.845101275148,102.899987367992,99.8520205164566,100,100.389683565189,100.487564826667,105.516304395112,101.161361628922,99.7514696322477,100.6992,100.08871529386,100.989399725411,106.044519014914,100.252730278771,100.350876213268,100.8,100.188904198058,100.38707726184,105.832853308297,100.554393459148,100.050724041144,101.298843418929,100.087814495423,103.637825623901,103.625364922449,99.8520205164566,101.400243662592,99.7884491479787,103.327842097608,104.250870143309,100.052124765989,101.5047936,99.7884491479787,102.302261921841,106.044519014914,100.052224818213,102.357893737533,101.400243662592,99.7884491479787,103.327842097608,105.091602967045,100.052124765989,100.490173738928,100.588152979646,105.305693009093,101.364089808539,100.051624505765,100.995149486359,100.487665314332,104.886148415432,101.975945481428,99.8519206644361,101.19754457551,100.5882535679,104.364326781524,102.385487431152,99.9518725369731,120.31191,31.49117
"58","Xi''An",103.0324472376,102.928487809598,107.755891250675,115.884898063331,109.112912207349,110.869550674847,103.341853779687,103.340304071753,112.020081721114,113.57969898363,109.549800307827,100,103.444988949759,104.16940622609,114.39059822365,110.543467035777,110.649248242011,101.5044,103.238202416849,105.632778044754,115.192705098395,109.550786701796,110.317521795781,101.1,103.341543960809,104.794422663446,114.848160616545,109.990749700598,110.427949745527,103.341853779687,103.031210440432,111.020893678012,114.959209497601,109.331138031763,103.238615164522,103.134344785217,109.921676908922,115.653128267204,109.112912207349,102.4179396,102.928487809598,106.794738603246,115.53828321369,109.441235915094,110.427839317577,103.135479684838,102.928487809598,108.941206054433,115.653128267204,109.112912207349,103.444988949759,103.96148325957,113.821490769801,111.098961845002,110.428391459092,103.548537487246,103.857625633936,113.481047626921,111.88213680262,110.207975508076,103.548537487246,103.650324983969,112.804222293162,112.557481692777,109.768899908443,108.93977,34.341575
"59","Xiamen",103.642682052,102.507884976189,111.089367759798,124.41430665792,123.788267617142,150.55337191334,103.539039369948,102.917607556508,117.902432213602,125.287448751327,125.529612783947,100,103.125297368626,103.84644174451,120.872817942975,123.541555624232,131.533615739028,102.921,102.816127727115,107.090604584609,123.179554800599,123.294596054539,135.908423798508,101.5,103.022172071257,105.404138370678,122.323291758291,123.418014068608,134.164288053809,103.539039369948,102.814792763744,116.735081399606,125.03737400332,124.780927220623,103.539039369948,102.405172075443,114.334066013326,124.787798406507,124.283792052413,103.229763,102.61049547166,109.232416676301,123.918632129402,123.541185246648,143.111570259829,103.642682052,102.302869206236,112.533529540675,124.663135271236,123.912055884759,103.331961291208,103.329792780607,120.511284090703,124.16236746154,129.845622644648,103.539039369948,103.123545689229,120.150831595915,124.66101150757,128.305951229889,103.539039369948,103.020525164065,119.553066264592,125.287448751327,126.659379299002,118.089425,24.479834
"60","Xiangfan",102.4207756972,101.397300416199,106.250320228443,112.349085064298,103.677579018035,101.619427718281,103.036222138364,100.891023391029,109.1442253504,108.356699742519,102.335876380683,100,102.521659245005,102.106971696933,111.01105745764,105.672604747364,101.315380565354,101.5054,102.316718448175,103.438650821805,111.789466992533,104.407386650724,101.416493315158,100.6,102.41913758576,102.719613527115,111.455101687471,105.355586933122,101.214065184788,103.036222138364,100.891023391029,108.385526663754,109.561880427218,102.850127015762,103.036222138364,100.992015406436,108.385526663754,110.892591525524,103.159605833261,102.1144324,101.600501419037,104.783353282488,112.124835393511,104.198571877423,101.517909808473,102.728038024292,101.093108514951,107.525324071184,111.899688724041,103.573901439017,102.727113471949,101.700171012882,110.789478500639,106.096992718237,101.315380565354,103.036222138364,101.294991048687,110.128706263061,106.844907067711,101.518417400154,103.036222138364,101.092805437811,109.580802251802,107.489846144579,102.131204627921,112.122415,32.008986
"61","Xining",101.306112309,103.143764822835,108.088623524129,117.283585300077,110.867748801498,109.09956158039,102.220605726518,103.76355611823,112.811656458786,115.874657589867,108.884845219695,100,102.62979440195,105.014124464509,115.313322032107,112.661219189297,108.232081879221,100.8015,102.732424196352,106.697290851426,116.699388162933,111.201129788604,108.340097496936,100.5,102.62979440195,105.224152713438,116.466455252429,111.759929435783,108.448546042979,102.118487239279,103.350155496245,111.58422992956,117.400868885377,109.103051322339,102.016470768511,103.350155496245,110.588929563489,117.400868885377,109.87215641726,101.003103,102.937889044745,107.230777305683,117.049486327422,111.089928658815,108.55677769193,101.711336758236,103.246908587657,109.385687006418,117.283585300077,110.424277806292,102.732526928879,104.804515433642,114.625568620385,113.000219848844,108.66674887472,102.629897031847,104.386967563388,114.055292159587,113.454035992815,108.558190684036,102.425046937971,103.971083230466,113.150091428162,114.600036356379,108.884845219695,101.778224,36.617134
"62","Xuzhou",102.930535816,101.596977376689,106.036560830723,112.904887713907,107.268810320379,109.209739844922,103.445600217223,101.698066673969,109.905612733702,109.992667181956,107.161326972438,100,102.311625409818,101.799256555404,112.454619417759,107.80849619903,107.268273976757,101.404,102.107104470624,103.639787113926,112.679528656594,106.947753165377,107.590078798687,101,102.209313784408,102.613650607847,112.454619417759,107.377262214234,107.268273976757,103.445600217223,101.79986654051,108.925285167197,111.554429190625,107.054272699738,103.342257959264,101.495380399312,107.953701850542,111.66609528591,107.054272699738,102.316636,101.698676052741,105.090744133521,112.904887713907,107.054700918542,108.235619271479,103.342257959264,101.495380399312,107.09692643903,112.11455349991,107.268810320379,102.722515471705,101.799256555404,112.006593045576,108.024545289609,107.375649626383,103.238709016789,101.494772238688,111.56035163902,108.676604919124,107.375649626383,103.445600217223,101.596368607295,110.674952022838,109.222718511682,107.375649626383,117.284124,34.205768
"63","Yangzhou",102.826996272,101.700824530041,104.263002186992,110.907201369692,102.956063834627,104.508341928779,102.826893445004,101.700722829216,106.467572469394,106.850164319614,102.647092995928,100,102.108749187261,102.20790504587,109.368698105117,104.201802423808,103.263796730647,101.808,101.802627157198,102.615510171193,110.354985024629,103.162285242828,103.677264972757,101,101.904531688887,102.003489235779,110.024910293748,103.576591609265,103.470324324109,102.724169275728,101.700722829216,105.937883054124,108.477324182349,102.54454844748,102.826996272,101.59912370551,105.937883054124,110.353330806052,102.54454844748,102.724272,101.700824530041,103.128587722049,110.796404964727,103.059122957585,104.091974032648,102.826996272,101.59912370551,105.097106204488,110.685386966953,102.647195643124,102.313375939139,101.49742308428,109.041573384962,104.515348469215,102.85238718192,102.621239658114,101.599022106387,108.176164072383,104.935088824513,102.85238718192,102.826893445004,101.599022106387,106.893442759272,106.102213169377,102.647092995928,119.412947,32.394213
"64","Yantai",102.7273214016,100.488777163643,103.634657321612,110.681080690585,102.648645787466,103.4688924241,102.213993901102,100.18711105966,106.353708131107,107.60674632461,101.931950890426,100,101.500130141129,100.587959089887,109.36291827374,104.099280919959,102.237030465444,101.3042,100.891941361323,101.392662762606,110.129771056675,102.957311808267,102.543946030901,100.7,101.094129620564,100.587959089887,109.800369946835,103.474685234439,102.441504526374,102.521558576833,100.387886833326,105.196546123745,109.35644951688,102.1362233371,102.419139437395,100.589064963253,104.465289100045,110.238356367822,102.238461798899,102.1146336,100.690157478601,102.812160041282,110.460160369845,102.75139718465,103.056665761055,102.7273214016,100.38828838648,103.945561293577,110.681080690585,102.443348495891,101.70353721556,100.287097796497,108.602699378093,104.833112708921,102.032964536371,102.0095659133,100.387485281779,107.954969560729,105.785179322827,101.727781192792,102.213993901102,100.18711105966,107.204537796155,106.638285607688,102.033882841316,121.447935,37.463822
"65","Yichang",101.5069097042,101.602326325909,106.682412218408,113.251260669672,105.992635567414,106.093958876972,103.140381652197,101.80471815995,110.46316194063,110.11058109387,105.146496567121,100,102.419636665212,102.826333599364,113.025323274497,107.167086199047,105.35478841718,100.2001,102.214797391881,104.167394642167,113.364625294967,106.845799274622,105.565497994014,100.1,102.419636665212,103.443291600961,113.138348597772,106.952752026649,105.35478841718,102.729463797009,101.399121673257,109.045569536654,111.110576280393,105.041455112009,102.32018306475,101.399121673257,108.503054265327,112.232905333731,105.357527695094,100.9015007,102.010367797097,105.417403377873,113.251260669672,106.525261876798,105.776628990002,102.115951162425,101.399121673257,107.85591875281,113.138009409003,105.780650296279,102.419636665212,102.416666931638,112.351215978625,107.813970019162,105.777900017249,102.727820125588,102.110335923866,111.7922547051,108.793107991082,105.356474120766,103.140381652197,102.00832759627,111.346867236155,109.339807026213,105.461936056822,111.286471,30.691967
"66","Yinchuan",101.7077991552,102.933693023874,107.123187034714,115.089721526687,108.251339044149,107.060089203034,102.523497331749,103.44856653291,111.0305802269,112.568925166855,106.850554168422,100,103.03683279046,104.799512438466,113.719280465048,110.222149615696,106.422939533808,100.5984,102.93379595767,105.639480530661,114.516680059669,109.342025751015,106.103670715207,100.8,102.93379595767,105.113910975782,114.174157586908,109.891483166849,106.103670715207,102.523497331749,103.036420849511,109.605706048273,114.283172758228,107.064683535493,102.318859612524,102.83075933085,108.95199408377,115.204811248214,107.602697020596,101.3025888,103.036729753627,106.167677933314,114.974746779907,108.79531562226,106.315878056637,101.91121475351,102.933693023874,107.980172530991,115.089721526687,107.818333687972,102.933898891568,104.381984500464,113.041034259491,110.443035687071,106.743169040931,102.933898891568,103.862671144741,112.255247526803,111.446050138315,106.636532508423,102.831067823745,103.758912232508,111.696763708262,112.00608054102,106.957404722591,106.230909,38.487194
"67","Yueyang",100.4711737624,99.867954459268,102.487164193138,107.828107724678,103.797094556587,103.068048865795,100.973830541976,99.867954459268,105.488507068748,106.537086104015,102.866030053833,100,100.168258899449,99.8678545913135,106.863235402638,104.632060070059,102.044336205763,101.5868,100.068090640549,100.467860661698,107.398192759064,104.005104766119,102.248526922511,102.2,100.068090640549,100.067590300496,107.183825108846,104.422795949919,102.146380541969,100.872957584391,99.867954459268,104.96368862562,107.396256153241,103.072174402639,100.471073291226,99.867954459268,104.75418026509,107.935935832403,103.278731866371,100.6725188,100.068090640549,101.573007128977,107.720387337341,104.005104766119,102.555272503279,100.370702588638,99.867954459268,103.512035835069,107.935935832403,103.589500367474,100.469667903158,99.8678545913135,106.863235402638,104.946900772376,102.044336205763,100.771983854722,99.8678545913135,106.756478923714,105.474272133041,102.044336205763,100.872856711434,99.7680865048087,106.543392139436,105.897863587391,102.660297993726,113.12873,29.356804
"68","Zhanjiang",102.9304324944,103.445702032885,108.731518647749,116.931227626208,106.598541025746,104.900440988151,103.342463015675,104.17106329554,112.475516592203,114.483529754581,104.797634603978,100,103.549251284169,105.426018345325,115.424239521081,109.639060264364,104.274275216766,101.8081,103.445702032885,107.438390183501,116.465366161562,107.780897471003,104.170000941549,100.9,103.549251284169,106.269426492088,116.001360718687,109.200504023306,104.170000941549,103.342463015675,104.17106329554,111.472266196435,116.345050563599,105.218508638532,103.342463015675,103.859484841017,110.6973845049,117.165207012688,105.853630421059,102.6225648,103.445702032885,108.083020524602,116.931227626208,107.134212086177,104.482510944374,103.239223791883,103.445702032885,109.818833834227,117.048158853834,106.172146861643,103.549251284169,105.005994367854,115.424239521081,110.634773223374,104.58803933477,103.549251284169,104.483576485426,114.508174128057,111.752296185226,104.58803933477,103.445805478691,104.17106329554,113.825222791309,112.995243867772,104.797634603978,110.359336,21.270746
"69","Zhengzhou",102.923624232,102.406446112928,110.437395579309,117.700386922331,115.592608022972,123.444310729424,103.74917647459,102.91909278217,115.374592805223,117.463220642682,117.335064867423,100,103.126580779041,103.848250058541,115.836668280157,116.173239553584,119.223247036853,102.6168,102.714383835668,106.881449746251,116.997815042998,115.593070395254,120.059240445075,101.2,102.817201036704,105.198277309302,116.531688289838,115.824719834924,119.580916777963,103.438859894905,102.713665451267,114.458921433753,118.053488083098,116.635253347339,103.438859894905,102.406446112928,112.545645460918,118.053488083098,116.170571063087,102.4115664,102.508955067996,108.805315841683,117.582804118213,115.824256536044,121.860129051751,103.129471480464,102.406446112928,111.431332139522,118.053488083098,115.592608022972,103.644804803057,103.434512010499,115.720947332825,116.173239553584,118.74825402077,103.956674827539,103.228055898702,115.605341990834,116.406051656898,118.511231557654,103.956674827539,103.022011874952,115.605341990834,116.406051656898,117.804405126893,113.625328,34.746611
"70","Zunyi",102.21371397,103.03346877027,106.901944011569,111.69619795439,105.382626123057,104.855401793633,103.033674837516,103.651770141496,108.511466094724,109.475765779053,105.066163255386,100,103.033571803842,103.961269348537,110.696713013427,107.517542560958,104.437130875602,102.01,103.033571803842,105.840889098358,111.361889561925,106.230772611588,104.541568006478,101,103.033571803842,104.792959503325,111.028803152468,106.65740222047,104.437130875602,102.930744093423,103.136089693031,107.437095143291,110.581581595003,104.856450354677,102.827916177246,103.033056636395,107.222649843604,111.361109360527,104.961411766443,102.31603,103.136605375645,106.37009354385,111.584613341049,105.805849521142,104.750651142491,102.52035511191,102.827401832729,106.901944011569,111.69619795439,105.277243496934,103.033571803842,103.547081024439,110.365616164933,107.625167728686,104.541672548151,103.033571803842,103.443637387052,109.381185495473,108.165997717273,104.751174897946,102.930641162679,103.23716306093,108.837000493008,108.818911184379,104.856030928875,106.927389,27.725654
